{"cameraMode":{"drawMode":0,"name":"Shaded","section":"Shading Mode"},"sceneLighting":true,"audioPlay":false,"sceneViewState":{"m_AlwaysRefresh":false,"showFog":true,"showSkybox":true,"showFlares":true,"showImageEffects":true,"showParticleSystems":true,"showVisualEffectGraphs":true,"m_FxEnabled":true},"in2DMode":false,"pivot":{"x":89.24630737304688,"y":-10.812875747680664,"z":-44.702877044677737},"rotation":{"x":-0.15189172327518464,"y":0.6763055920600891,"z":-0.14538227021694184,"w":-0.7061569094657898},"size":18.787193298339845,"orthographic":false}